"hla";"count"
"A*02:01";197
"A*03:01";130
"A*24:02";116
"A*01:01";109
"A*26:01";73
"A*11:01";52
"A*32:01";43
"A*68:01";42
"A*30:01";35
"A*29:02";29
"A*23:01";25
"A*33:01";24
"A*25:01";24
"A*31:01";22
"A*30:02";15
"A*66:01";12
"A*02:05";10
"A*03:02";9
"A*33:03";6
"A*24:03";5
"B*51:01";107
"B*18:01";89
"B*35:01";83
"B*08:01";57
"B*07:02";53
"B*44:03";51
"B*38:01";50
"B*35:03";40
"B*44:02";40
"B*13:02";37
"B*49:01";36
"B*35:02";30
"B*50:01";28
"B*57:01";28
"B*15:01";27
"B*14:02";27
"B*52:01";23
"B*39:01";21
"B*35:08";21
"B*55:01";20
"B*37:01";16
"B*40:01";16
"B*15:17";15
"B*58:01";14
"B*27:05";10
"B*56:01";9
"B*41:01";8
"B*40:02";7
"B*39:06";7
"B*53:01";5
"C*04:01";171
"C*07:01";153
"C*06:02";111
"C*12:03";111
"C*07:02";68
"C*05:01";53
"C*01:02";44
"C*15:02";39
"C*02:02";38
"C*03:03";36
"C*08:02";30
"C*14:02";29
"C*16:01";28
"C*03:04";21
"C*16:02";16
"C*17:01";14
"C*07:04";11
"C*03:02";6
"C*15:05";5
