"","v","cdr3","hla_allele","class","score","length","tgp"
"1","not_found","CASSLGQAYEQYF","HLA-B*08:01",1,0.514293306320906,13,7.47006610861625e-07
"2","not_found","CASSLGQAYEQYF","HLA-C*07:01",1,0.489162339642644,13,7.47006610861625e-07
"3","not_found","CASSIGTDTQYF","HLA-B*38:01",1,0.257242921367288,12,3.91629427414635e-07
"4","not_found","CAISVGNEQFF","HLA-B*35:03",1,0.270758081274107,11,1.41052114213644e-08
"5","not_found","CASSARTGELFF","HLA-B*35:01",1,0.397833882039413,12,2.53981177138728e-07
"6","not_found","CASSIGTDTQYF","HLA-C*12:03",1,0.295968078752048,12,3.91629427414635e-07
"7","not_found","CASSSSTEAFF","HLA-B*58:01",1,0.546190078556538,11,6.19815859416083e-07
"8","not_found","CASSLGLHYEQYF","HLA-B*14:02",1,0.637519945949316,13,8.25724026823638e-08
"9","not_found","CASSSSTEAFF","HLA-C*03:02",1,0.579082951880991,11,6.19815859416083e-07
"10","not_found","CASSIRSSYEQYF","HLA-A*02:01",1,0.524351087026298,13,1.8046338411904e-07
"11","not_found","CASSLGLHYEQYF","HLA-C*08:02",1,0.70039110314101,13,8.25724026823638e-08
"12","not_found","CASSREGDQPQHF","HLA-B*07:02",1,0.722700885683298,13,1.27505839011295e-07
"13","not_found","CASSRTSATGELFF","HLA-A*11:01",1,0.817690166085958,14,1.64731560156849e-08
"14","not_found","CASSLGSGAYNEQFF","HLA-B*57:01",1,0.446422151662409,15,4.4784947144216e-08
"15","not_found","CASSEDGMNTEAFF","HLA-A*02:01",1,0.683865799382329,14,2.61603754434916e-08
"16","not_found","CASSSGQAYEQYF","HLA-B*08:01",1,0.601043805107474,13,3.74854676626161e-07
"17","not_found","CASRISYEQYF","HLA-B*14:02",1,0.766237984597683,11,3.54410093522936e-07
"18","not_found","CASSREGDQPQHF","HLA-C*07:02",1,0.679906678572297,13,1.27505839011295e-07
"19","not_found","CASSLQGANYEQYF","HLA-B*07:02",1,0.685392601415515,14,3.92288205697451e-08
"20","not_found","CASSPTGYYNEQFF","HLA-C*06:02",1,0.834671375155449,14,2.10436150439832e-08
"21","not_found","CASSPGPNYEQYF","HLA-B*08:01",1,0.597428593691438,13,9.48486510447196e-08
"22","not_found","CASSIGTDTQYF","HLA-A*26:01",1,0.2426102072699,12,3.91629427414635e-07
"23","not_found","CASSLGPNYEQYF","HLA-B*08:01",1,0.61292034946382,13,1.21600651270252e-07
"24","not_found","CASSSLNTEAFF","HLA-B*08:01",1,0.473271855898201,12,6.73115866826318e-07
"25","not_found","CAIGTGDSNQPQHF","HLA-B*35:01",1,0.875491397082806,14,1.09524241001396e-08
"26","not_found","CASSLSRPDTQYF","HLA-B*15:01",1,0.296366764407139,13,6.94752545240115e-08
"27","not_found","CASSLQGANYEQYF","HLA-C*07:02",1,0.713325455412269,14,3.92288205697451e-08
"28","not_found","CASRISYEQYF","HLA-C*08:02",1,0.818231818079948,11,3.54410093522936e-07
"29","not_found","CASSLTSATGELFF","HLA-A*11:01",1,0.794568592309952,14,1.86752291320688e-08
"30","not_found","CASSLGQAYEQYF","HLA-A*01:01",1,0.502707672864199,13,7.47006610861625e-07
"31","not_found","CASSARTGELFF","HLA-C*04:01",1,0.341742416261695,12,2.53981177138728e-07
"32","not_found","CASSPNYSNQPQHF","HLA-B*18:01",1,0.628906510397792,14,3.95442440813937e-08
"33","not_found","CASSLEEGSYEQYF","HLA-B*15:01",1,0.678633735328913,14,9.83185269554026e-08
"34","not_found","CSVGTGGTNEKLFF","HLA-A*02:01",1,0.908744843304157,14,5.34721409789385e-09
"35","not_found","CASSLIGVSSYNEQFF","HLA-B*07:02",1,0.876128198951483,16,6.63949832504247e-09
"36","not_found","CASSLYRGEKLFF","HLA-C*02:02",1,0.446824599988759,13,8.25511514722422e-08
"37","not_found","CASSSGQAYEQYF","HLA-C*07:01",1,0.580311510153115,13,3.74854676626161e-07
"38","not_found","CATSDLSINQPQHF","HLA-C*06:02",1,0.7770378947258,14,2.4513850564924e-09
"39","not_found","CASSPLGYEQYF","HLA-C*08:02",1,0.435865703597665,12,8.68305941062566e-07
"40","not_found","CASRDSLSYEQYF","HLA-C*05:01",1,0.68650553599,13,4.60487976644529e-08
"41","not_found","CASRDSLSYEQYF","HLA-B*44:02",1,0.611267215013504,13,4.60487976644529e-08
"42","not_found","CASSLIGVSSYNEQFF","HLA-C*07:02",1,0.847364596650004,16,6.63949832504247e-09
"43","not_found","CASSMTSGSYNEQFF","HLA-B*15:01",1,0.652431087195873,15,3.58524571686916e-08
"44","not_found","CASSFGQMNTEAFF","HLA-A*01:01",1,0.515862093493342,14,5.08892598243348e-08
"45","not_found","CSVGGGTEAFF","HLA-B*51:01",1,0.233179541677237,11,8.60166836706786e-08
"46","not_found","CASSLRENTEAFF","HLA-B*08:01",0,0.416995603311807,13,4.62384318065035e-07
"47","not_found","CASSYSGSYEQYF","HLA-B*08:01",0,0.15086109705735,13,4.99156899210906e-07
"48","not_found","CASRTNTEAFF","HLA-B*08:01",0,0.452861844748259,11,7.66094797328434e-07
"49","not_found","CASSLVGDTQYF","HLA-B*08:01",0,0.240596474823542,12,2.17557649240431e-07
"50","not_found","CSARDRTGNGYTF","HLA-B*08:01",0,0.799627815186977,13,7.01051935214297e-09
"51","not_found","CASSLRGETQYF","HLA-C*07:01",0,0.364284828782547,12,1.70093011405601e-06
"52","not_found","CASSLAGQETQYF","HLA-C*07:01",0,0.203310278162826,13,1.51482507152367e-06
"53","not_found","CASSLGREAFF","HLA-C*07:01",0,0.330624510161579,11,4.00224986141413e-07
"54","not_found","CASSLNEQFF","HLA-C*07:01",0,0.345877938088961,10,1.26348797767147e-06
"55","not_found","CASSYNEQFF","HLA-C*07:01",0,0.518598563317209,10,1.15848724046188e-06
"56","not_found","CASSLNTDTQYF","HLA-B*38:01",0,0.258225604519248,12,2.2260004577619e-07
"57","not_found","CASSSNTGELFF","HLA-B*38:01",0,0.312247550487518,12,5.62251838024791e-07
"58","not_found","CASSLEGNEQFF","HLA-B*38:01",0,0.475353826954961,12,4.73842470625687e-07
"59","not_found","CASSLQGSYEQYF","HLA-B*38:01",0,0.292356937564909,13,1.42725314049791e-06
"60","not_found","CASSLSSEQFF","HLA-B*38:01",0,0.322140531241894,11,1.28274829228916e-07
"61","not_found","CASSPGNEQYF","HLA-B*35:03",0,0.471869694069028,11,8.10122108780663e-07
"62","not_found","CASSLSGTDTQYF","HLA-B*35:03",0,0.154887014767155,13,7.36822898819305e-07
"63","not_found","CSARVGVGNTIYF","HLA-B*35:03",0,0.12353462203173,13,5.82649230045835e-09
"64","not_found","CASSGDSYEQYF","HLA-B*35:03",0,0.486084758117795,12,1.64089704909097e-06
"65","not_found","CASSSLNTEAFF","HLA-B*35:03",0,0.418652761541307,12,6.73115866826318e-07
"66","not_found","CASSYTDTQYF","HLA-B*35:01",0,0.34646632084623,11,8.02022862511689e-07
"67","not_found","CASSLGGSYNEQFF","HLA-B*35:01",0,0.417399407643825,14,1.15704902523691e-06
"68","not_found","CASSLVSTDTQYF","HLA-B*35:01",0,0.321860082820058,13,3.56237120543956e-07
"69","not_found","CASGNEQFF","HLA-B*35:01",0,0.707961958320811,9,4.16148996938237e-07
"70","not_found","CASSSYEQYF","HLA-B*35:01",0,0.511533611174673,10,3.89371585644008e-06
"71","not_found","CASSPGTYEQYF","HLA-C*12:03",0,0.478833670495078,12,2.16311540801219e-06
"72","not_found","CASSLGPYEQYF","HLA-C*12:03",0,0.40086115533486,12,2.57748457089711e-06
"73","not_found","CASSVGQGTYEQYF","HLA-C*12:03",0,0.357821306213737,14,1.38664624853298e-07
"74","not_found","CASSLSTDTQYF","HLA-C*12:03",0,0.242092818790115,12,1.17741450933944e-06
"75","not_found","CASSPADTQYF","HLA-C*12:03",0,0.274609622173011,11,6.27086292112164e-07
"76","not_found","CASTGNTEAFF","HLA-B*58:01",0,0.32049790835008,11,1.06013117613704e-06
"77","not_found","CASSPGYEQYF","HLA-B*58:01",0,0.45797058865428,11,4.4197473536934e-06
"78","not_found","CSARDRTGNGYTF","HLA-B*58:01",0,0.528450477868319,13,7.01051935214297e-09
"79","not_found","CASSLRGEQYF","HLA-B*58:01",0,0.561787264607847,11,1.47415012890905e-06
"80","not_found","CASSLTETQYF","HLA-B*58:01",0,0.287526269070804,11,7.89215406455695e-07
"81","not_found","CASSLTGELFF","HLA-B*14:02",0,0.331554913893342,11,8.37088560014569e-07
"82","not_found","CASSLGREAFF","HLA-B*14:02",0,0.434819860383868,11,4.00224986141413e-07
"83","not_found","CASSLRVNTEAFF","HLA-B*14:02",0,0.255001016729511,13,6.01996712859466e-07
"84","not_found","CASSLAETQYF","HLA-B*14:02",0,0.265524029545486,11,1.1446163276968e-06
"85","not_found","CASSLGDEQFF","HLA-B*14:02",0,0.488001410104334,11,1.02127824133243e-06
"86","not_found","CASSLDETQYF","HLA-C*03:02",0,0.408506477437913,11,5.33704112129963e-07
"87","not_found","CASSLGLTEAFF","HLA-C*03:02",0,0.683269578404725,12,4.83940423108837e-07
"88","not_found","CASRTNTEAFF","HLA-C*03:02",0,0.616586319357157,11,7.66094797328434e-07
"89","not_found","CASSPGTDTQYF","HLA-C*03:02",0,0.241766541311517,12,1.8600305377645e-06
"90","not_found","CASSQGNSPLHF","HLA-C*03:02",0,0.328776587871835,12,6.96561424774021e-07
"91","not_found","CASSPPGNTEAFF","HLA-A*02:01",0,0.45669233747758,13,5.11970159382894e-07
"92","not_found","CSARDRTGNGYTF","HLA-A*02:01",0,0.770591440796852,13,7.01051935214297e-09
"93","not_found","CASSLGRETQYF","HLA-A*02:01",0,0.238075749948621,12,1.39663182335944e-06
"94","not_found","CASSASYEQYF","HLA-A*02:01",0,0.316416921676136,11,1.44840802287666e-06
"95","not_found","CASSLDGTYEQYF","HLA-A*02:01",0,0.30227049253881,13,2.35071574496224e-07
"96","not_found","CASSHSYEQYF","HLA-C*08:02",0,0.475106454268098,11,1.30818405382382e-06
"97","not_found","CASGSYEQYF","HLA-C*08:02",0,0.721660981327295,10,1.04710313959542e-06
"98","not_found","CASSFSYEQYF","HLA-C*08:02",0,0.468492740392685,11,1.33656175090866e-06
"99","not_found","CASSGQETQYF","HLA-C*08:02",0,0.16500052975025,11,2.14240261921217e-06
"100","not_found","CASSGNEQFF","HLA-C*08:02",0,0.614227290451527,10,1.39913358657125e-06
"101","not_found","CASRQNTEAFF","HLA-B*07:02",0,0.519003084860742,11,5.76876042034944e-07
"102","not_found","CASSHGTEAFF","HLA-B*07:02",0,0.412432202510536,11,2.79195515473264e-07
"103","not_found","CASSPGNEQYF","HLA-B*07:02",0,0.443419711850584,11,8.10122108780663e-07
"104","not_found","CASSPGRYEQYF","HLA-B*07:02",0,0.57426967821084,12,1.73424118634269e-06
"105","not_found","CASSSGQAYEQYF","HLA-B*07:02",0,0.497671713680029,13,3.74854676626161e-07
"106","not_found","CASSLGPTYEQYF","HLA-A*11:01",0,0.514152841642499,13,3.54268116222314e-07
"107","not_found","CASSPRGNEQFF","HLA-A*11:01",0,0.521062225848436,12,9.54307774659267e-07
"108","not_found","CASSSGPNTEAFF","HLA-A*11:01",0,0.457465605204925,13,4.2926574062097e-07
"109","not_found","CASSPGSYEQYF","HLA-A*11:01",0,0.508690902963281,12,3.1684192069921e-06
"110","not_found","CASSQGYEQYF","HLA-A*11:01",0,0.489965437352657,11,4.2791104248537e-06
"111","not_found","CASSIGRNTEAFF","HLA-B*57:01",0,0.523594650626183,13,1.57983268014917e-07
"112","not_found","CASSLSGQPQHF","HLA-B*57:01",0,0.310759322252124,12,4.20881747611555e-07
"113","not_found","CASSLSTDTQYF","HLA-B*57:01",0,0.30535377538763,12,1.17741450933944e-06
"114","not_found","CASSQGNTGELFF","HLA-B*57:01",0,0.437197412922978,13,7.02930561170381e-07
"115","not_found","CASSPPSYEQYF","HLA-B*57:01",0,0.637285640090704,12,7.2605874759792e-07
"116","not_found","CASSLRNTGELFF","HLA-A*02:01",0,0.630541182123125,13,5.81206490088899e-07
"117","not_found","CASSGDTGELFF","HLA-A*02:01",0,0.416681735822931,12,9.75714298058811e-07
"118","not_found","CASSLAGGSYEQYF","HLA-A*02:01",0,0.251458953367546,14,1.2958361663724e-06
"119","not_found","CASSPGTGYTF","HLA-A*02:01",0,0.388247754867189,11,4.98587810089129e-07
"120","not_found","CASSLVGYEQYF","HLA-A*02:01",0,0.356749481195584,12,8.95524838923351e-07
"121","not_found","CASSLGEKLFF","HLA-B*08:01",0,0.254132342152298,11,1.00386599614786e-06
"122","not_found","CASSGGTDTQYF","HLA-B*08:01",0,0.143028375075664,12,2.86793461734398e-06
"123","not_found","CASSDTYEQYF","HLA-B*08:01",0,0.337705081887543,11,9.08719749718131e-07
"124","not_found","CASSQGSYEQYF","HLA-B*08:01",0,0.199329727515578,12,2.88417306369022e-06
"125","not_found","CASRQRDSYEQYF","HLA-B*08:01",0,0.616992854326963,13,4.31838857019063e-08
"126","not_found","CASSLSETQYF","HLA-B*14:02",0,0.328251576423645,11,6.09542944443778e-07
"127","not_found","CASSLIGVSSYNEQFF","HLA-B*14:02",0,0.78602891638875,16,6.63949832504247e-09
"128","not_found","CASSFSGELFF","HLA-B*14:02",0,0.41394642740488,11,1.72224233632637e-07
"129","not_found","CASSTTDTQYF","HLA-B*14:02",0,0.260526965837926,11,5.5947507950844e-07
"130","not_found","CASSLAYNEQFF","HLA-B*14:02",0,0.292527936212718,12,1.28254566419231e-06
"131","not_found","CASSLGGLYEQYF","HLA-C*07:02",0,0.354031383432448,13,8.79796215789866e-07
"132","not_found","CASSFVAGTDTQYF","HLA-C*07:02",0,0.455102416500449,14,4.03625194070802e-08
"133","not_found","CASSLVSGANVLTF","HLA-C*07:02",0,0.344123604800552,14,1.04390559054053e-07
"134","not_found","CASSLLGNEQFF","HLA-C*07:02",0,0.435161194670945,12,4.80676484922558e-07
"135","not_found","CASSLGTAYEQYF","HLA-C*07:02",0,0.347926634922624,13,9.67636126828248e-07
"136","not_found","CASSFLYEQYF","HLA-B*07:02",0,0.389225812256336,11,5.49220999496945e-07
"137","not_found","CASTLYNEQFF","HLA-B*07:02",0,0.591994798183441,11,2.37205773411304e-07
"138","not_found","CASSLGLQETQYF","HLA-B*07:02",0,0.250041437707841,13,4.4966947787459e-07
"139","not_found","CASSLGAGELFF","HLA-B*07:02",0,0.465207414887846,12,6.58961700689449e-07
"140","not_found","CASSRGNTEAFF","HLA-B*07:02",0,0.346321893949062,12,3.9303585325074e-06
"141","not_found","CASSLRETQYF","HLA-C*06:02",0,0.298992453189567,11,1.72991711478706e-06
"142","not_found","CASSLDRDTEAFF","HLA-C*06:02",0,0.480718960391823,13,8.22600108019428e-07
"143","not_found","CASSLSYEQYF","HLA-C*06:02",0,0.314995579514653,11,3.13683813594653e-06
"144","not_found","CASSLAGQETQYF","HLA-C*06:02",0,0.195599316828884,13,1.51482507152367e-06
"145","not_found","CASSPGQGYEQYF","HLA-C*06:02",0,0.366282132687047,13,2.09583196217011e-06
"146","not_found","CASSLQGNTEAFF","HLA-B*08:01",0,0.307032942771912,13,1.39398027671284e-06
"147","not_found","CASSLSTDTQYF","HLA-B*08:01",0,0.146929512615316,12,1.17741450933944e-06
"148","not_found","CASSLDTDTQYF","HLA-B*08:01",0,0.202136782975867,12,6.720343742352e-07
"149","not_found","CASSRTEAFF","HLA-B*08:01",0,0.314616825873964,10,1.69574059850384e-06
"150","not_found","CATSDSYEQYF","HLA-B*08:01",0,0.370173144061118,11,2.80384157584736e-07
"151","not_found","CASSFGGQETQYF","HLA-A*26:01",0,0.0852745117153972,13,4.16201758038875e-07
"152","not_found","CASSQADTQYF","HLA-A*26:01",0,0.145756221935153,11,3.52573789946165e-07
"153","not_found","CASSLGGNEQFF","HLA-A*26:01",0,0.467343212477863,12,1.8934972715302e-06
"154","not_found","CASSPRGYEQYF","HLA-A*26:01",0,0.362413037614897,12,3.33228210513245e-06
"155","not_found","CASSLVGNEQFF","HLA-A*26:01",0,0.434326385520399,12,3.4047555792642e-07
"156","not_found","CASSLATEAFF","HLA-B*08:01",0,0.216692391969264,11,5.74189886286319e-07
"157","not_found","CASSLGSTEAFF","HLA-B*08:01",0,0.46448476202786,12,5.64090753761634e-07
"158","not_found","CASSLAGGNEQFF","HLA-B*08:01",0,0.246964912582189,13,9.84640202447211e-07
"159","not_found","CASSQGNEQYF","HLA-B*08:01",0,0.236666638031602,11,6.97810889311678e-07
"160","not_found","CASSLAGGYNEQFF","HLA-B*08:01",0,0.405478341318667,14,9.83004016957961e-07
"161","not_found","CASSGTGYGYTF","HLA-B*08:01",0,0.293398184305988,12,1.35179776468801e-06
"162","not_found","CASSLGQNNEQFF","HLA-B*08:01",0,0.776516811549664,13,7.49755200769262e-08
"163","not_found","CASSSQGYEQYF","HLA-B*08:01",0,0.495419888896868,12,1.4830705830512e-06
"164","not_found","CAIGTGDSNQPQHF","HLA-B*08:01",0,0.878990635275841,14,1.09524241001396e-08
"165","not_found","CASSLDRNTEAFF","HLA-B*08:01",0,0.305825232202187,13,9.34750477005021e-07
"166","not_found","CASSLAVNTEAFF","HLA-B*35:01",0,0.284747234452516,13,3.10699514320465e-07
"167","not_found","CASSSNEQFF","HLA-B*35:01",0,0.571179750654846,10,1.13638510912203e-06
"168","not_found","CASSLTSGSYEQYF","HLA-B*35:01",0,0.330754191800952,14,7.15147957999732e-07
"169","not_found","CASSLSGANVLTF","HLA-B*35:01",0,0.158453509991523,13,3.1840289165891e-07
"170","not_found","CASSLGSYEQYF","HLA-B*35:01",0,0.446650603692979,12,3.36777255408724e-06
"171","not_found","CASSLDSYEQYF","HLA-B*15:01",0,0.518765068426728,12,1.9894903036005e-06
"172","not_found","CASSLQGNEQFF","HLA-B*15:01",0,0.482536631636322,12,4.50634219712596e-07
"173","not_found","CASSLVGETQYF","HLA-B*15:01",0,0.433955685794354,12,4.871166522081e-07
"174","not_found","CASTGNTEAFF","HLA-B*15:01",0,0.31919193258509,11,1.06013117613704e-06
"175","not_found","CSVGGGTEAFF","HLA-B*15:01",0,0.251310322154313,11,8.60166836706786e-08
"176","not_found","CASSLYRGEKLFF","HLA-C*07:02",0,0.408666991675273,13,8.25511514722422e-08
"177","not_found","CASSLGADTQYF","HLA-C*07:02",0,0.136825032229535,12,9.99025603660029e-07
"178","not_found","CASSVGGSSYNEQFF","HLA-C*07:02",0,0.0874469699454494,15,2.28304731351475e-07
"179","not_found","CASSFGGTDTQYF","HLA-C*07:02",0,0.0976106709800661,13,5.19425024882316e-07
"180","not_found","CASSPPSTDTQYF","HLA-C*07:02",0,0.341046565084253,13,2.84803581836722e-07
"181","not_found","CASSTYEQYF","HLA-C*08:02",0,0.49650533106178,10,2.1027881732379e-06
"182","not_found","CASSRGDEQYF","HLA-C*08:02",0,0.51616001278162,11,2.47828803072998e-06
"183","not_found","CASSLSGTEAFF","HLA-C*08:02",0,0.653034301660955,12,5.58869810105258e-07
"184","not_found","CASSQGNEQFF","HLA-C*08:02",0,0.358000087179244,11,9.34587020093423e-07
"185","not_found","CASSPGLNTEAFF","HLA-C*08:02",0,0.284384965221398,13,1.08110196217658e-06
"186","not_found","CASSQVNEQFF","HLA-A*11:01",0,0.447572010755539,11,1.68793005584676e-07
"187","not_found","CASSLISYEQYF","HLA-A*11:01",0,0.440175924822688,12,4.87287974635848e-07
"188","not_found","CASSLGSNYGYTF","HLA-A*11:01",0,0.3298634451814,13,3.72974730287296e-07
"189","not_found","CASSSDYEQYF","HLA-A*11:01",0,0.483169950544834,11,1.28623917600203e-06
"190","not_found","CASSLKETQYF","HLA-A*11:01",0,0.491651546396315,11,5.66155557580539e-07
"191","not_found","CASSSYYEQYF","HLA-A*01:01",0,0.427808497101068,11,7.97493984082206e-07
"192","not_found","CASSQGTEAFF","HLA-A*01:01",0,0.33864109525457,11,2.20131002920165e-06
"193","not_found","CASRMNTEAFF","HLA-A*01:01",0,0.443733047321439,11,3.14138903368655e-07
"194","not_found","CASSFSYEQYF","HLA-A*01:01",0,0.350734371505678,11,1.33656175090866e-06
"195","not_found","CASSLRYEQYF","HLA-A*01:01",0,0.34705922678113,11,2.38002305414116e-06
"196","not_found","CASSLGGLYEQYF","HLA-C*04:01",0,0.454915271513164,13,8.79796215789866e-07
"197","not_found","CASSLAGTYEQYF","HLA-C*04:01",0,0.155024662020151,13,1.35852600881513e-06
"198","not_found","CASSLTGYEQYF","HLA-C*04:01",0,0.245998469740152,12,2.285625739448e-06
"199","not_found","CASSTSYEQYF","HLA-C*04:01",0,0.432503149472177,11,1.80197165145867e-06
"200","not_found","CASSLGGDYGYTF","HLA-C*04:01",0,0.225087257754058,13,8.25659126528256e-07
"201","not_found","CASSLSTGELFF","HLA-B*18:01",0,0.436436220631003,12,4.47306607710952e-07
"202","not_found","CASSLGGYGYTF","HLA-B*18:01",0,0.23024389273487,12,2.34361847673028e-06
"203","not_found","CASSLGSYGYTF","HLA-B*18:01",0,0.342180409561843,12,7.11102425276722e-07
"204","not_found","CASSFGGTEAFF","HLA-B*18:01",0,0.502959573827684,12,4.62845253112379e-07
"205","not_found","CASSLQGYEQYF","HLA-B*18:01",0,0.407707598619163,12,2.30951254508372e-06
"206","not_found","CASSFGYEQYF","HLA-B*15:01",0,0.408909113612026,11,9.17219586420609e-07
"207","not_found","CASSLGETQYF","HLA-B*15:01",0,0.178279468324035,11,2.45599281585634e-06
"208","not_found","CASSLGGYEQYF","HLA-B*15:01",0,0.383920322405174,12,5.58552626973334e-06
"209","not_found","CASSFTDTQYF","HLA-B*15:01",0,0.17102611255832,11,3.62143808465212e-07
"210","not_found","CASSSNSPLHF","HLA-B*15:01",0,0.229723726259544,11,3.90104082505803e-07
"211","not_found","CASSRGYEQYF","HLA-A*02:01",0,0.251119426079094,11,8.0895960144827e-06
"212","not_found","CASSPRGGTEAFF","HLA-A*02:01",0,0.43356668901979,13,5.03328095201024e-07
"213","not_found","CASSAGETQYF","HLA-A*02:01",0,0.108231905451976,11,1.31370907416002e-06
"214","not_found","CASSLEGNTEAFF","HLA-A*02:01",0,0.41493162047118,13,6.52422588422843e-07
"215","not_found","CASSYSGTEAFF","HLA-A*02:01",0,0.661898645851761,12,2.53282045720516e-07
"216","not_found","CASSLTETQYF","HLA-B*07:02",0,0.31503244843334,11,7.89215406455695e-07
"217","not_found","CASSPGPNYEQYF","HLA-B*07:02",0,0.599492317996919,13,9.48486510447196e-08
"218","not_found","CASSLNEQFF","HLA-B*07:02",0,0.453549728170037,10,1.26348797767147e-06
"219","not_found","CASSRGTEAFF","HLA-B*07:02",0,0.418312864936888,11,3.48427773493874e-06
"220","not_found","CASSSGQQETQYF","HLA-B*07:02",0,0.296801100648008,13,1.97257911909938e-07
"221","not_found","CASSLGDEQYF","HLA-C*02:02",0,0.60247615519911,11,2.09637067614617e-06
"222","not_found","CASSLGGDTEAFF","HLA-C*02:02",0,0.586741699837148,13,9.96292626439814e-07
"223","not_found","CASSLYTEAFF","HLA-C*02:02",0,0.624539288133383,11,4.10208435249524e-07
"224","not_found","CASSSGQNYGYTF","HLA-C*02:02",0,0.453743835352361,13,2.00640958185944e-07
"225","not_found","CASSLDTDTQYF","HLA-C*02:02",0,0.333862786716782,12,6.720343742352e-07
"226","not_found","CASSLGGTQYF","HLA-C*07:01",0,0.152288806112483,11,4.59371221026485e-07
"227","not_found","CASSLTSSYNEQFF","HLA-C*07:01",0,0.500768202356994,14,3.49990984313298e-07
"228","not_found","CASSLISYEQYF","HLA-C*07:01",0,0.245785814686678,12,4.87287974635848e-07
"229","not_found","CASRGTGELFF","HLA-C*07:01",0,0.358048654859886,11,1.21347266195336e-06
"230","not_found","CASSLAGSTDTQYF","HLA-C*07:01",0,0.168766405107453,14,9.33606536596038e-07
"231","not_found","CASSLSGTEAFF","HLA-C*06:02",0,0.527063874155283,12,5.58869810105258e-07
"232","not_found","CSVGETQYF","HLA-C*06:02",0,0.398168686684221,9,1.22634805808751e-07
"233","not_found","CASSPGSYEQYF","HLA-C*06:02",0,0.357783133536577,12,3.1684192069921e-06
"234","not_found","CASSTYNEQFF","HLA-C*06:02",0,0.445514900796115,11,7.3656638761073e-07
"235","not_found","CASSLGGGNEQFF","HLA-C*06:02",0,0.463846882246435,13,1.19580721073774e-06
"236","not_found","CASSPGGDTEAFF","HLA-C*08:02",0,0.419465226493776,13,6.29261968921053e-07
"237","not_found","CASSLRDTQYF","HLA-C*08:02",0,0.328523083892651,11,8.21869130332432e-07
"238","not_found","CASSSDSYEQYF","HLA-C*08:02",0,0.443150549195707,12,1.18240871890809e-06
"239","not_found","CASSLAGGNEQFF","HLA-C*08:02",0,0.407065405137837,13,9.84640202447211e-07
"240","not_found","CASSLGAYEQYF","HLA-C*08:02",0,0.390568535635248,12,3.64507752283512e-06
"241","not_found","CASSLRGNTEAFF","HLA-C*05:01",0,0.394463053811342,13,1.70532630335796e-06
"242","not_found","CASSHTGELFF","HLA-C*05:01",0,0.357586670061573,11,3.13924922634032e-07
"243","not_found","CASSLGTAYEQYF","HLA-C*05:01",0,0.499156797118485,13,9.67636126828248e-07
"244","not_found","CASSLRETQYF","HLA-C*05:01",0,0.363934921240434,11,1.72991711478706e-06
"245","not_found","CASSPGGDTQYF","HLA-C*05:01",0,0.179900162701961,12,9.01679702290468e-07
"246","not_found","CASSLKGNTEAFF","HLA-B*44:02",0,0.347669526189566,13,3.04372471364589e-07
"247","not_found","CASSPTDTQYF","HLA-B*44:02",0,0.217912939656526,11,7.62898761805841e-07
"248","not_found","CASSRDSTDTQYF","HLA-B*44:02",0,0.231118005048484,13,6.27265271058353e-07
"249","not_found","CASSPGLNTEAFF","HLA-B*44:02",0,0.267371777375229,13,1.08110196217658e-06
"250","not_found","CASSLGDYGYTF","HLA-B*44:02",0,0.336903974693268,12,1.25822580936724e-06
"251","not_found","CASSLGRTEAFF","HLA-C*07:02",0,0.592096762917936,12,8.80884504927711e-07
"252","not_found","CASSLGQGTYEQYF","HLA-C*07:02",0,0.323615291342139,14,5.09426857950901e-07
"253","not_found","CASSLGSNYGYTF","HLA-C*07:02",0,0.218128970614634,13,3.72974730287296e-07
"254","not_found","CASSLSRYEQYF","HLA-C*07:02",0,0.482001590798609,12,6.03673576784762e-07
"255","not_found","CASSFGEQFF","HLA-C*07:02",0,0.432131064357236,10,1.69585051929473e-07
"256","not_found","CASSLAGYNEQFF","HLA-B*15:01",0,0.299634269997478,13,1.88919344357787e-06
"257","not_found","CASSLSRYEQYF","HLA-B*15:01",0,0.5514115315862,12,6.03673576784762e-07
"258","not_found","CASSTTDTQYF","HLA-B*15:01",0,0.212115634512156,11,5.5947507950844e-07
"259","not_found","CASSLGPYNEQFF","HLA-B*15:01",0,0.512616733880714,13,6.68922038916653e-07
"260","not_found","CASSPGETQYF","HLA-B*15:01",0,0.160843304824084,11,2.36901846841723e-06
"261","not_found","CASSFSGELFF","HLA-A*01:01",0,0.331574149895459,11,1.72224233632637e-07
"262","not_found","CASSPNYSNQPQHF","HLA-A*01:01",0,0.588063687086105,14,3.95442440813937e-08
"263","not_found","CASRDGLSYEQYF","HLA-A*01:01",0,0.752457694709301,13,2.4368689954829e-08
"264","not_found","CASSLEDTQYF","HLA-A*01:01",0,0.20327818384394,11,3.83029117789734e-07
"265","not_found","CASSFGMNTEAFF","HLA-A*01:01",0,0.315542273130268,13,1.41953271381097e-07
"266","not_found","CASSLATGELFF","HLA-B*51:01",0,0.2955656404607,12,5.0184602169101e-07
"267","not_found","CASSSGNTIYF","HLA-B*51:01",0,0.194364654272795,11,6.68110866095478e-07
"268","not_found","CASSLGGSYEQYF","HLA-B*51:01",0,0.305606341362,13,3.63096780960882e-06
"269","not_found","CASSYTDTQYF","HLA-B*51:01",0,0.375055019184947,11,8.02022862511689e-07
"270","not_found","CASSLGGEQFF","HLA-B*51:01",0,0.438917964696884,11,9.40968548090456e-07
